,bins,std,PDF,PDF_std,CDF,CDF_std
0,-49.94999999999999,0.0,0.0,0.0,0.0,0.0
1,-49.84999999999995,0.0,0.0,0.0,0.0,0.0
2,-49.75,0.0,0.0,0.0,0.0,0.0
3,-49.65000000000005,0.0,0.0,0.0,0.0,0.0
4,-49.55000000000001,0.0,0.0,0.0,0.0,0.0
5,-49.44999999999999,0.0,0.0,0.0,0.0,0.0
6,-49.34999999999995,0.0,0.0,0.0,0.0,0.0
7,-49.25,0.0,0.0,0.0,0.0,0.0
8,-49.15000000000005,0.0,0.0,0.0,0.0,0.0
9,-49.05000000000001,0.0,0.0,0.0,0.0,0.0
10,-48.94999999999999,0.0,0.0,0.0,0.0,0.0
11,-48.84999999999995,0.0,0.0,0.0,0.0,0.0
12,-48.75,0.0,0.0,0.0,0.0,0.0
13,-48.65000000000005,0.0,0.0,0.0,0.0,0.0
14,-48.55,0.0,0.0,0.0,0.0,0.0
15,-48.45,0.0,0.0,0.0,0.0,0.0
16,-48.34999999999995,0.0,0.0,0.0,0.0,0.0
17,-48.25,0.0,0.0,0.0,0.0,0.0
18,-48.15000000000005,0.0,0.0,0.0,0.0,0.0
19,-48.05,0.0,0.0,0.0,0.0,0.0
20,-47.95,0.0,0.0,0.0,0.0,0.0
21,-47.84999999999995,0.0,0.0,0.0,0.0,0.0
22,-47.75,0.0,0.0,0.0,0.0,0.0
23,-47.65000000000005,0.0,0.0,0.0,0.0,0.0
24,-47.55,0.0,0.0,0.0,0.0,0.0
25,-47.45,0.0,0.0,0.0,0.0,0.0
26,-47.34999999999995,0.0,0.0,0.0,0.0,0.0
27,-47.25,0.0,0.0,0.0,0.0,0.0
28,-47.15000000000005,0.0,0.0,0.0,0.0,0.0
29,-47.05,0.0,0.0,0.0,0.0,0.0
30,-46.95,0.0,0.0,0.0,0.0,0.0
31,-46.84999999999995,0.0,0.0,0.0,0.0,0.0
32,-46.75,0.0,0.0,0.0,0.0,0.0
33,-46.65000000000005,0.0,0.0,0.0,0.0,0.0
34,-46.55,0.0,0.0,0.0,0.0,0.0
35,-46.45000000000001,0.0,0.0,0.0,0.0,0.0
36,-46.349999999999966,0.0,0.0,0.0,0.0,0.0
37,-46.25,0.0,0.0,0.0,0.0,0.0
38,-46.150000000000034,0.0,0.0,0.0,0.0,0.0
39,-46.04999999999999,0.0,0.0,0.0,0.0,0.0
40,-45.95000000000001,0.0,0.0,0.0,0.0,0.0
41,-45.849999999999966,0.0,0.0,0.0,0.0,0.0
42,-45.75,0.0,0.0,0.0,0.0,0.0
43,-45.650000000000034,0.0,0.0,0.0,0.0,0.0
44,-45.54999999999999,0.0,0.0,0.0,0.0,0.0
45,-45.45000000000001,0.0,0.0,0.0,0.0,0.0
46,-45.349999999999966,0.0,0.0,0.0,0.0,0.0
47,-45.25,0.0,0.0,0.0,0.0,0.0
48,-45.150000000000034,0.0,0.0,0.0,0.0,0.0
49,-45.04999999999999,0.0,0.0,0.0,0.0,0.0
50,-44.95000000000001,0.0,0.0,0.0,0.0,0.0
51,-44.849999999999966,0.0,0.0,0.0,0.0,0.0
52,-44.75,0.0,0.0,0.0,0.0,0.0
53,-44.650000000000034,0.0,0.0,0.0,0.0,0.0
54,-44.54999999999999,0.0,0.0,0.0,0.0,0.0
55,-44.45000000000002,0.0,0.0,0.0,0.0,0.0
56,-44.349999999999966,0.0,0.0,0.0,0.0,0.0
57,-44.25,0.0,0.0,0.0,0.0,0.0
58,-44.150000000000034,0.0,0.0,0.0,0.0,0.0
59,-44.04999999999998,0.0,0.0,0.0,0.0,0.0
60,-43.95000000000002,0.0,0.0,0.0,0.0,0.0
61,-43.849999999999966,0.0,0.0,0.0,0.0,0.0
62,-43.75,0.0,0.0,0.0,0.0,0.0
63,-43.650000000000034,0.0,0.0,0.0,0.0,0.0
64,-43.54999999999998,0.0,0.0,0.0,0.0,0.0
65,-43.45000000000002,0.0,0.0,0.0,0.0,0.0
66,-43.349999999999966,0.0,0.0,0.0,0.0,0.0
67,-43.25,0.0,0.0,0.0,0.0,0.0
68,-43.150000000000034,0.0,0.0,0.0,0.0,0.0
69,-43.04999999999998,0.0,0.0,0.0,0.0,0.0
70,-42.95000000000002,0.0,0.0,0.0,0.0,0.0
71,-42.849999999999966,0.0,0.0,0.0,0.0,0.0
72,-42.75,0.0,0.0,0.0,0.0,0.0
73,-42.650000000000034,0.0,0.0,0.0,0.0,0.0
74,-42.549999999999976,0.0,0.0,0.0,0.0,0.0
75,-42.450000000000024,0.0,0.0,0.0,0.0,0.0
76,-42.349999999999966,0.0,0.0,0.0,0.0,0.0
77,-42.25,0.0,0.0,0.0,0.0,0.0
78,-42.150000000000034,0.0,0.0,0.0,0.0,0.0
79,-42.049999999999976,0.0,0.0,0.0,0.0,0.0
80,-41.950000000000024,0.0,0.0,0.0,0.0,0.0
81,-41.849999999999966,0.0,0.0,0.0,0.0,0.0
82,-41.75,0.0,0.0,0.0,0.0,0.0
83,-41.650000000000034,0.0,0.0,0.0,0.0,0.0
84,-41.549999999999976,0.0,0.0,0.0,0.0,0.0
85,-41.450000000000024,0.0,0.0,0.0,0.0,0.0
86,-41.349999999999966,0.0,0.0,0.0,0.0,0.0
87,-41.25,0.0,0.0,0.0,0.0,0.0
88,-41.150000000000034,0.0,0.0,0.0,0.0,0.0
89,-41.049999999999976,0.0,0.0,0.0,0.0,0.0
90,-40.95000000000003,0.0,0.0,0.0,0.0,0.0
91,-40.849999999999966,0.0,0.0,0.0,0.0,0.0
92,-40.75,0.0,0.0,0.0,0.0,0.0
93,-40.650000000000034,0.0,0.0,0.0,0.0,0.0
94,-40.54999999999997,0.0,0.0,0.0,0.0,0.0
95,-40.45000000000003,0.0,0.0,0.0,0.0,0.0
96,-40.349999999999966,0.0,0.0,0.0,0.0,0.0
97,-40.25,0.0,0.0,0.0,0.0,0.0
98,-40.150000000000034,0.0,0.0,0.0,0.0,0.0
99,-40.04999999999997,0.0,0.0,0.0,0.0,0.0
100,-39.95000000000003,0.0,0.0,0.0,0.0,0.0
101,-39.849999999999966,0.0,0.0,0.0,0.0,0.0
102,-39.75,0.0,0.0,0.0,0.0,0.0
103,-39.650000000000034,0.0,0.0,0.0,0.0,0.0
104,-39.54999999999997,0.0,0.0,0.0,0.0,0.0
105,-39.45000000000003,0.0,0.0,0.0,0.0,0.0
106,-39.349999999999966,0.0,0.0,0.0,0.0,0.0
107,-39.25,0.0,0.0,0.0,0.0,0.0
108,-39.150000000000034,0.0,0.0,0.0,0.0,0.0
109,-39.04999999999997,0.0,0.0,0.0,0.0,0.0
110,-38.95000000000003,0.0,0.0,0.0,0.0,0.0
111,-38.849999999999966,0.0,0.0,0.0,0.0,0.0
112,-38.75,0.0,0.0,0.0,0.0,0.0
113,-38.650000000000034,0.0,0.0,0.0,0.0,0.0
114,-38.54999999999997,0.0,0.0,0.0,0.0,0.0
115,-38.45000000000003,0.0,0.0,0.0,0.0,0.0
116,-38.349999999999966,0.0,0.0,0.0,0.0,0.0
117,-38.25,0.0,0.0,0.0,0.0,0.0
118,-38.150000000000034,0.0,0.0,0.0,0.0,0.0
119,-38.04999999999997,0.0,0.0,0.0,0.0,0.0
120,-37.95000000000003,0.0,0.0,0.0,0.0,0.0
121,-37.849999999999966,0.0,0.0,0.0,0.0,0.0
122,-37.75,0.0,0.0,0.0,0.0,0.0
123,-37.650000000000034,0.0,0.0,0.0,0.0,0.0
124,-37.54999999999997,0.0,0.0,0.0,0.0,0.0
125,-37.45000000000003,0.0,0.0,0.0,0.0,0.0
126,-37.349999999999966,0.0,0.0,0.0,0.0,0.0
127,-37.25,0.0,0.0,0.0,0.0,0.0
128,-37.150000000000034,0.0,0.0,0.0,0.0,0.0
129,-37.04999999999997,0.0,0.0,0.0,0.0,0.0
130,-36.95000000000003,0.0,0.0,0.0,0.0,0.0
131,-36.849999999999966,0.0,0.0,0.0,0.0,0.0
132,-36.75,0.0,0.0,0.0,0.0,0.0
133,-36.650000000000034,0.0,0.0,0.0,0.0,0.0
134,-36.549999999999976,0.0,0.0,0.0,0.0,0.0
135,-36.450000000000024,0.0,0.0,0.0,0.0,0.0
136,-36.349999999999966,0.0,0.0,0.0,0.0,0.0
137,-36.25,0.0,0.0,0.0,0.0,0.0
138,-36.150000000000034,0.0,0.0,0.0,0.0,0.0
139,-36.049999999999976,0.0,0.0,0.0,0.0,0.0
140,-35.950000000000024,0.0,0.0,0.0,0.0,0.0
141,-35.849999999999966,0.0,0.0,0.0,0.0,0.0
142,-35.75,0.0,0.0,0.0,0.0,0.0
143,-35.650000000000034,0.0,0.0,0.0,0.0,0.0
144,-35.549999999999976,0.0,0.0,0.0,0.0,0.0
145,-35.450000000000024,0.0,0.0,0.0,0.0,0.0
146,-35.349999999999966,0.0,0.0,0.0,0.0,0.0
147,-35.25,0.0,0.0,0.0,0.0,0.0
148,-35.15000000000003,0.0,0.0,0.0,0.0,0.0
149,-35.049999999999976,0.0,0.0,0.0,0.0,0.0
150,-34.950000000000024,0.0,0.0,0.0,0.0,0.0
151,-34.84999999999997,0.0,0.0,0.0,0.0,0.0
152,-34.75,0.0,0.0,0.0,0.0,0.0
153,-34.65000000000003,0.0,0.0,0.0,0.0,0.0
154,-34.549999999999976,0.0,0.0,0.0,0.0,0.0
155,-34.450000000000024,0.0,0.0,0.0,0.0,0.0
156,-34.34999999999997,0.0,0.0,0.0,0.0,0.0
157,-34.25,0.0,0.0,0.0,0.0,0.0
158,-34.15000000000003,0.0,0.0,0.0,0.0,0.0
159,-34.049999999999976,0.0,0.0,0.0,0.0,0.0
160,-33.950000000000024,0.0,0.0,0.0,0.0,0.0
161,-33.84999999999997,0.0,0.0,0.0,0.0,0.0
162,-33.75,0.0,0.0,0.0,0.0,0.0
163,-33.65000000000003,0.0,0.0,0.0,0.0,0.0
164,-33.549999999999976,0.0,0.0,0.0,0.0,0.0
165,-33.450000000000024,0.0,0.0,0.0,0.0,0.0
166,-33.34999999999997,0.0,0.0,0.0,0.0,0.0
167,-33.25,0.0,0.0,0.0,0.0,0.0
168,-33.15000000000003,0.0,0.0,0.0,0.0,0.0
169,-33.049999999999976,0.0,0.0,0.0,0.0,0.0
170,-32.950000000000024,0.0,0.0,0.0,0.0,0.0
171,-32.84999999999998,0.0,0.0,0.0,0.0,0.0
172,-32.75,0.0,0.0,0.0,0.0,0.0
173,-32.65000000000002,0.0,0.0,0.0,0.0,0.0
174,-32.549999999999976,0.0,0.0,0.0,0.0,0.0
175,-32.450000000000024,0.0,0.0,0.0,0.0,0.0
176,-32.34999999999998,0.0,0.0,0.0,0.0,0.0
177,-32.25,0.0,0.0,0.0,0.0,0.0
178,-32.15000000000002,0.0,0.0,0.0,0.0,0.0
179,-32.049999999999976,0.0,0.0,0.0,0.0,0.0
180,-31.950000000000028,0.0,0.0,0.0,0.0,0.0
181,-31.849999999999977,0.0,0.0,0.0,0.0,0.0
182,-31.75,0.0,0.0,0.0,0.0,0.0
183,-31.650000000000023,0.0,0.0,0.0,0.0,0.0
184,-31.549999999999972,0.0,0.0,0.0,0.0,0.0
185,-31.450000000000028,0.0,0.0,0.0,0.0,0.0
186,-31.349999999999977,0.0,0.0,0.0,0.0,0.0
187,-31.25,0.0,0.0,0.0,0.0,0.0
188,-31.150000000000023,0.0,0.0,0.0,0.0,0.0
189,-31.049999999999972,0.0,0.0,0.0,0.0,0.0
190,-30.950000000000028,0.0,0.0,0.0,0.0,0.0
191,-30.84999999999998,0.0,0.0,0.0,0.0,0.0
192,-30.75,0.0,0.0,0.0,0.0,0.0
193,-30.65000000000002,0.0,0.0,0.0,0.0,0.0
194,-30.549999999999972,0.0,0.0,0.0,0.0,0.0
195,-30.450000000000028,0.0,0.0,0.0,0.0,0.0
196,-30.34999999999998,0.0,0.0,0.0,0.0,0.0
197,-30.25,0.0,0.0,0.0,0.0,0.0
198,-30.15000000000002,0.0,0.0,0.0,0.0,0.0
199,-30.049999999999972,0.0,0.0,0.0,0.0,0.0
200,-29.950000000000028,0.0,0.0,0.0,0.0,0.0
201,-29.84999999999998,0.0,0.0,0.0,0.0,0.0
202,-29.75,0.0,0.0,0.0,0.0,0.0
203,-29.65000000000002,0.0,0.0,0.0,0.0,0.0
204,-29.549999999999972,0.0,0.0,0.0,0.0,0.0
205,-29.450000000000028,0.0,0.0,0.0,0.0,0.0
206,-29.34999999999998,0.0,0.0,0.0,0.0,0.0
207,-29.25,0.0,0.0,0.0,0.0,0.0
208,-29.150000000000013,0.0,0.0,0.0,0.0,0.0
209,-29.049999999999972,0.0,0.0,0.0,0.0,0.0
210,-28.950000000000028,0.0,0.0,0.0,0.0,0.0
211,-28.849999999999987,0.0,0.0,0.0,0.0,0.0
212,-28.75,0.0,0.0,0.0,0.0,0.0
213,-28.650000000000013,0.0,0.0,0.0,0.0,0.0
214,-28.549999999999972,0.0,0.0,0.0,0.0,0.0
215,-28.450000000000028,0.0,0.0,0.0,0.0,0.0
216,-28.349999999999987,0.0,0.0,0.0,0.0,0.0
217,-28.25,0.0,0.0,0.0,0.0,0.0
218,-28.150000000000013,0.0,0.0,0.0,0.0,0.0
219,-28.049999999999976,0.0,0.0,0.0,0.0,0.0
220,-27.950000000000024,0.0,0.0,0.0,0.0,0.0
221,-27.849999999999987,0.0,0.0,0.0,0.0,0.0
222,-27.75,0.0,0.0,0.0,0.0,0.0
223,-27.65000000000001,0.0,0.0,0.0,0.0,0.0
224,-27.549999999999976,0.0,0.0,0.0,0.0,0.0
225,-27.450000000000024,0.0,0.0,0.0,0.0,0.0
226,-27.34999999999999,0.0,0.0,0.0,0.0,0.0
227,-27.25,0.0,0.0,0.0,0.0,0.0
228,-27.15000000000001,0.0,0.0,0.0,0.0,0.0
229,-27.049999999999976,0.0,0.0,0.0,0.0,0.0
230,-26.950000000000024,0.0,0.0,0.0,0.0,0.0
231,-26.84999999999999,0.0,0.0,0.0,0.0,0.0
232,-26.75,0.0,0.0,0.0,0.0,0.0
233,-26.65000000000001,0.0,0.0,0.0,0.0,0.0
234,-26.549999999999976,0.0,0.0,0.0,0.0,0.0
235,-26.450000000000024,0.0,0.0,0.0,0.0,0.0
236,-26.34999999999999,0.0,0.0,0.0,0.0,0.0
237,-26.25,0.0,0.0,0.0,0.0,0.0
238,-26.150000000000006,0.0,0.0,0.0,0.0,0.0
239,-26.049999999999976,0.0,0.0,0.0,0.0,0.0
240,-25.950000000000024,0.0,0.0,0.0,0.0,0.0
241,-25.849999999999994,0.0,0.0,0.0,0.0,0.0
242,-25.75,0.0,0.0,0.0,0.0,0.0
243,-25.650000000000006,0.0,0.0,0.0,0.0,0.0
244,-25.549999999999976,0.0,0.0,0.0,0.0,0.0
245,-25.450000000000024,0.0,0.0,0.0,0.0,0.0
246,-25.349999999999994,0.0,0.0,0.0,0.0,0.0
247,-25.25,0.0,0.0,0.0,0.0,0.0
248,-25.150000000000006,0.0,0.0,0.0,0.0,0.0
249,-25.049999999999976,0.0,0.0,0.0,0.0,0.0
250,-24.950000000000024,0.0,0.0,0.0,0.0,0.0
251,-24.849999999999994,0.0,0.0,0.0,0.0,0.0
252,-24.75,0.0,0.0,0.0,0.0,0.0
253,-24.650000000000006,0.0,0.0,0.0,0.0,0.0
254,-24.549999999999976,0.0,0.0,0.0,0.0,0.0
255,-24.450000000000024,0.0,0.0,0.0,0.0,0.0
256,-24.35,0.0,0.0,0.0,0.0,0.0
257,-24.25,0.0,0.0,0.0,0.0,0.0
258,-24.15,0.0,0.0,0.0,0.0,0.0
259,-24.049999999999976,0.0,0.0,0.0,0.0,0.0
260,-23.950000000000024,0.0,0.0,0.0,0.0,0.0
261,-23.85,0.0,0.0,0.0,0.0,0.0
262,-23.75,0.0,0.0,0.0,0.0,0.0
263,-23.65,0.0,0.0,0.0,0.0,0.0
264,-23.549999999999976,0.0,0.0,0.0,0.0,0.0
265,-23.450000000000024,0.0,0.0,0.0,0.0,0.0
266,-23.35,0.0,0.0,0.0,0.0,0.0
267,-23.25,0.0,0.0,0.0,0.0,0.0
268,-23.149999999999995,0.0,0.0,0.0,0.0,0.0
269,-23.049999999999983,0.0,0.0,0.0,0.0,0.0
270,-22.950000000000017,0.0,0.0,0.0,0.0,0.0
271,-22.850000000000005,0.0,0.0,0.0,0.0,0.0
272,-22.75,0.0,0.0,0.0,0.0,0.0
273,-22.649999999999995,0.0,0.0,0.0,0.0,0.0
274,-22.549999999999983,0.0,0.0,0.0,0.0,0.0
275,-22.450000000000017,0.0,0.0,0.0,0.0,0.0
276,-22.350000000000005,0.0,0.0,0.0,0.0,0.0
277,-22.25,0.0,0.0,0.0,0.0,0.0
278,-22.14999999999999,0.0,0.0,0.0,0.0,0.0
279,-22.049999999999983,0.0,0.0,0.0,0.0,0.0
280,-21.950000000000017,0.0,0.0,0.0,0.0,0.0
281,-21.85000000000001,0.0,0.0,0.0,0.0,0.0
282,-21.75,0.0,0.0,0.0,0.0,0.0
283,-21.64999999999999,0.0,0.0,0.0,0.0,0.0
284,-21.549999999999983,0.0,0.0,0.0,0.0,0.0
285,-21.450000000000017,0.0,0.0,0.0,0.0,0.0
286,-21.35000000000001,0.0,0.0,0.0,0.0,0.0
287,-21.25,0.0,0.0,0.0,0.0,0.0
288,-21.149999999999988,0.0,0.0,0.0,0.0,0.0
289,-21.049999999999983,0.0,0.0,0.0,0.0,0.0
290,-20.950000000000017,0.0,0.0,0.0,0.0,0.0
291,-20.850000000000012,0.0,0.0,0.0,0.0,0.0
292,-20.75,0.0,0.0,0.0,0.0,0.0
293,-20.649999999999988,0.0,0.0,0.0,0.0,0.0
294,-20.549999999999983,0.0,0.0,0.0,0.0,0.0
295,-20.450000000000017,0.0,0.0,0.0,0.0,0.0
296,-20.350000000000016,0.0,0.0,0.0,0.0,0.0
297,-20.25,0.0,0.0,0.0,0.0,0.0
298,-20.149999999999984,0.0,0.0,0.0,0.0,0.0
299,-20.049999999999983,0.0,0.0,0.0,0.0,0.0
300,-19.950000000000017,0.0,0.0,0.0,0.0,0.0
301,-19.850000000000016,0.0,0.0,0.0,0.0,0.0
302,-19.75,0.0,0.0,0.0,0.0,0.0
303,-19.649999999999984,0.0,0.0,0.0,0.0,0.0
304,-19.549999999999983,0.0,0.0,0.0,0.0,0.0
305,-19.450000000000017,0.0,0.0,0.0,0.0,0.0
306,-19.350000000000016,0.0,0.0,0.0,0.0,0.0
307,-19.25,0.0,0.0,0.0,0.0,0.0
308,-19.149999999999984,0.0,0.0,0.0,0.0,0.0
309,-19.049999999999983,0.0,0.0,0.0,0.0,0.0
310,-18.950000000000017,0.0,0.0,0.0,0.0,0.0
311,-18.850000000000016,0.0,0.0,0.0,0.0,0.0
312,-18.75,0.0,0.0,0.0,0.0,0.0
313,-18.649999999999984,0.0,0.0,0.0,0.0,0.0
314,-18.549999999999983,0.0,0.0,0.0,0.0,0.0
315,-18.450000000000017,0.0,0.0,0.0,0.0,0.0
316,-18.350000000000016,0.0,0.0,0.0,0.0,0.0
317,-18.25,0.0,0.0,0.0,0.0,0.0
318,-18.149999999999988,0.0,0.0,0.0,0.0,0.0
319,-18.049999999999983,0.0,0.0,0.0,0.0,0.0
320,-17.950000000000017,0.0,0.0,0.0,0.0,0.0
321,-17.850000000000012,0.0,0.0,0.0,0.0,0.0
322,-17.75,0.0,0.0,0.0,0.0,0.0
323,-17.649999999999988,0.0,0.0,0.0,0.0,0.0
324,-17.549999999999986,0.0,0.0,0.0,0.0,0.0
325,-17.450000000000014,0.0,0.0,0.0,0.0,0.0
326,-17.350000000000012,0.0,0.0,0.0,0.0,0.0
327,-17.25,0.0,0.0,0.0,0.0,0.0
328,-17.149999999999988,0.0,0.0,0.0,0.0,0.0
329,-17.049999999999986,0.0,0.0,0.0,0.0,0.0
330,-16.950000000000014,0.0,0.0,0.0,0.0,0.0
331,-16.850000000000012,0.0,0.0,0.0,0.0,0.0
332,-16.75,0.0,0.0,0.0,0.0,0.0
333,-16.649999999999988,0.0,0.0,0.0,0.0,0.0
334,-16.549999999999986,0.0,0.0,0.0,0.0,0.0
335,-16.45000000000001,0.0,0.0,0.0,0.0,0.0
336,-16.350000000000012,0.0,0.0,0.0,0.0,0.0
337,-16.25,0.0,0.0,0.0,0.0,0.0
338,-16.149999999999988,0.0,0.0,0.0,0.0,0.0
339,-16.04999999999999,0.0,0.0,0.0,0.0,0.0
340,-15.950000000000012,0.0,0.0,0.0,0.0,0.0
341,-15.850000000000014,0.0,0.0,0.0,0.0,0.0
342,-15.75,0.0,0.0,0.0,0.0,0.0
343,-15.649999999999986,0.0,0.0,0.0,0.0,0.0
344,-15.549999999999988,0.0,0.0,0.0,0.0,0.0
345,-15.45000000000001,0.0,0.0,0.0,0.0,0.0
346,-15.350000000000014,0.0,0.0,0.0,0.0,0.0
347,-15.25,0.0,0.0,0.0,0.0,0.0
348,-15.149999999999986,0.0,0.0,0.0,0.0,0.0
349,-15.04999999999999,0.0,0.0,0.0,0.0,0.0
350,-14.95000000000001,0.0,0.0,0.0,0.0,0.0
351,-14.850000000000014,0.0,0.0,0.0,0.0,0.0
352,-14.75,0.0,0.0,0.0,0.0,0.0
353,-14.649999999999986,0.0,0.0,0.0,0.0,0.0
354,-14.549999999999994,0.0,0.0,0.0,0.0,0.0
355,-14.450000000000006,0.0,0.0,0.0,0.0,0.0
356,-14.350000000000014,0.0,0.0,0.0,0.0,0.0
357,-14.25,0.0,0.0,0.0,0.0,0.0
358,-14.149999999999988,0.0,0.0,0.0,0.0,0.0
359,-14.049999999999994,0.0,0.0,0.0,0.0,0.0
360,-13.950000000000006,0.0,0.0,0.0,0.0,0.0
361,-13.850000000000012,0.0,0.0,0.0,0.0,0.0
362,-13.75,0.0,0.0,0.0,0.0,0.0
363,-13.649999999999988,0.0,0.0,0.0,0.0,0.0
364,-13.549999999999995,0.0,0.0,0.0,0.0,0.0
365,-13.450000000000005,0.0,0.0,0.0,0.0,0.0
366,-13.350000000000012,0.0,0.0,0.0,0.0,0.0
367,-13.25,0.0,0.0,0.0,0.0,0.0
368,-13.149999999999988,0.0,0.0,0.0,0.0,0.0
369,-13.049999999999997,0.0,0.0,0.0,0.0,0.0
370,-12.950000000000003,0.0,0.0,0.0,0.0,0.0
371,-12.850000000000012,0.0,0.0,0.0,0.0,0.0
372,-12.75,0.0,0.0,0.0,0.0,0.0
373,-12.649999999999988,0.0,0.0,0.0,0.0,0.0
374,-12.549999999999997,0.0,0.0,0.0,0.0,0.0
375,-12.450000000000003,0.0,0.0,0.0,0.0,0.0
376,-12.350000000000012,0.0,0.0,0.0,0.0,0.0
377,-12.25,0.0,0.0,0.0,0.0,0.0
378,-12.149999999999988,0.0,0.0,0.0,0.0,0.0
379,-12.05,0.0,0.0,0.0,0.0,0.0
380,-11.95,0.0,0.0,0.0,0.0,0.0
381,-11.850000000000012,0.0,0.0,0.0,0.0,0.0
382,-11.75,0.0,0.0,0.0,0.0,0.0
383,-11.649999999999988,0.0,0.0,0.0,0.0,0.0
384,-11.550000000000002,0.0,0.0,0.0,0.0,0.0
385,-11.449999999999998,0.0,0.0,0.0,0.0,0.0
386,-11.350000000000009,0.0,0.0,0.0,0.0,0.0
387,-11.25,0.0,0.0,0.0,0.0,0.0
388,-11.149999999999991,0.0,0.0,0.0,0.0,0.0
389,-11.050000000000004,0.0,0.0,0.0,0.0,0.0
390,-10.949999999999996,0.0,0.0,0.0,0.0,0.0
391,-10.850000000000009,0.0,0.0,0.0,0.0,0.0
392,-10.75,0.0,0.0,0.0,0.0,0.0
393,-10.649999999999991,0.0,0.0,0.0,0.0,0.0
394,-10.550000000000006,0.0,0.0,0.0,0.0,0.0
395,-10.449999999999994,0.0,0.0,0.0,0.0,0.0
396,-10.350000000000009,0.0,0.0,0.0,0.0,0.0
397,-10.25,0.0,0.0,0.0,0.0,0.0
398,-10.149999999999991,0.0,0.0,0.0,0.0,0.0
399,-10.050000000000008,0.0,0.0,0.0,0.0,0.0
400,-9.949999999999992,0.0,0.0,0.0,0.0,0.0
401,-9.850000000000009,0.0,0.0,0.0,0.0,0.0
402,-9.75,0.0,0.0,0.0,0.0,0.0
403,-9.649999999999991,0.0,0.0,0.0,0.0,0.0
404,-9.550000000000008,0.0,0.0,0.0,0.0,0.0
405,-9.449999999999992,0.0,0.0,0.0,0.0,0.0
406,-9.350000000000009,0.0,0.0,0.0,0.0,0.0
407,-9.25,0.0,0.0,0.0,0.0,0.0
408,-9.149999999999991,0.0,0.0,0.0,0.0,0.0
409,-9.050000000000006,0.0,0.0,0.0,0.0,0.0
410,-8.949999999999994,0.0,0.0,0.0,0.0,0.0
411,-8.850000000000009,0.0,0.0,0.0,0.0,0.0
412,-8.75,0.0,0.0,0.0,0.0,0.0
413,-8.649999999999993,0.0,0.0,0.0,0.0,0.0
414,-8.550000000000006,0.0,0.0,0.0,0.0,0.0
415,-8.449999999999994,0.0,0.0,0.0,0.0,0.0
416,-8.350000000000007,0.0,0.0,0.0,0.0,0.0
417,-8.25,0.0,0.0,0.0,0.0,0.0
418,-8.149999999999995,0.0,0.0,0.0,0.0,0.0
419,-8.050000000000006,0.0,0.0,0.0,0.0,0.0
420,-7.949999999999993,0.0,0.0,0.0,0.0,0.0
421,-7.850000000000006,0.0,0.0,0.0,0.0,0.0
422,-7.75,0.0,0.0,0.0,0.0,0.0
423,-7.649999999999995,0.0,0.0,0.0,0.0,0.0
424,-7.550000000000007,0.0,0.0,0.0,0.0,0.0
425,-7.449999999999993,0.0,0.0,0.0,0.0,0.0
426,-7.350000000000005,0.0,0.0,0.0,0.0,0.0
427,-7.25,0.0,0.0,0.0,0.0,0.0
428,-7.149999999999997,0.0,0.0,0.0,0.0,0.0
429,-7.050000000000006,0.0,0.0,0.0,0.0,0.0
430,-6.949999999999994,0.0,0.0,0.0,0.0,0.0
431,-6.850000000000002,0.0,0.0,0.0,0.0,0.0
432,-6.75,0.0,0.0,0.0,0.0,0.0
433,-6.649999999999998,0.0,0.0,0.0,0.0,0.0
434,-6.550000000000006,0.0,0.0,0.0,0.0,0.0
435,-6.449999999999994,0.0,0.0,0.0,0.0,0.0
436,-6.350000000000001,0.0,0.0,0.0,0.0,0.0
437,-6.25,0.0,0.0,0.0,0.0,0.0
438,-6.149999999999999,0.0,0.0,0.0,0.0,0.0
439,-6.050000000000006,0.0,0.0,0.0,0.0,0.0
440,-5.949999999999994,0.0,0.0,0.0,0.0,0.0
441,-5.85,0.0,0.0,0.0,0.0,0.0
442,-5.75,0.0,0.0,0.0,0.0,0.0
443,-5.650000000000001,0.0,0.0,0.0,0.0,0.0
444,-5.550000000000004,0.0,0.0,0.0,0.0,0.0
445,-5.449999999999996,0.0,0.0,0.0,0.0,0.0
446,-5.349999999999998,0.0,0.0,0.0,0.0,0.0
447,-5.25,0.0,0.0,0.0,0.0,0.0
448,-5.150000000000003,0.0,0.0,0.0,0.0,0.0
449,-5.050000000000004,0.0,0.0,0.0,0.0,0.0
450,-4.949999999999996,0.0,0.0,0.0,0.0,0.0
451,-4.849999999999996,0.0,0.0,0.0,0.0,0.0
452,-4.75,0.0,0.0,0.0,0.0,0.0
453,-4.650000000000004,0.0,0.0,0.0,0.0,0.0
454,-4.550000000000004,0.0,0.0,0.0,0.0,0.0
455,-4.449999999999996,0.0,0.0,0.0,0.0,0.0
456,-4.349999999999997,0.0,0.0,0.0,0.0,0.0
457,-4.25,0.0,8.195638659999999e-08,5.736947062000011e-07,8.195638659999999e-09,5.736947061999997e-08
458,-4.150000000000003,0.0,5.534291260000001e-06,3.8740038820000035e-05,5.61624766e-07,3.931373362000001e-06
459,-4.0500000000000025,0.0,1.0235607624800001e-05,5.6710262219649664e-05,1.5851855284799997e-06,9.499245478537457e-06
460,-3.949999999999997,0.0,2.6480853576e-05,0.0001448876325374849,4.233270886e-06,2.0576158346086874e-05
461,-3.8499999999999965,0.0,2.6130676269999997e-05,0.0001251716841000808,6.846338515000001e-06,3.2436418168898305e-05
462,-3.75,0.0,6.285607810360001e-05,0.0002969171962485473,1.313194633696e-05,5.1367312910777406e-05
463,-3.6500000000000035,0.0,7.818341251480001e-05,0.000236870276827259,2.0950287579480006e-05,7.121534552223363e-05
464,-3.5500000000000016,0.0,0.00016166418800820002,0.00040270858491900645,3.711670636482e-05,9.647394798011858e-05
465,-3.449999999999999,0.0,0.00022733211515059998,0.00044866616139220317,5.984991787586001e-05,0.00013161328976382555
466,-3.349999999999997,0.0,0.00032987594600399994,0.000548495473996413,9.28375124648e-05,0.0001711836714575396
467,-3.25,0.0,0.0004231765867451999,0.000613176714436872,0.00013515517121052,0.00022046480884060264
468,-3.150000000000003,0.0,0.0005980074406020001,0.0007429615518703384,0.00019495591528939996,0.0002775815163820793
469,-3.0500000000000007,0.0,0.0009008541702671198,0.001048979932303153,0.00028504133231151206,0.00035268973488324947
470,-2.95,0.0,0.0012806355954719996,0.0014485668978331577,0.00041310489197579994,0.00046530634462566375
471,-2.849999999999998,0.0,0.0019928097722040003,0.002153474183427824,0.0006123858688483999,0.0006491463262186421
472,-2.75,0.0,0.0030619323246012,0.002978953419571255,0.00091857910114612,0.0009175282677319217
473,-2.650000000000002,0.0,0.00457034856003,0.004290332390031269,0.0013756139578509998,0.0013156155549448483
474,-2.549999999999998,0.0,0.006828854980520002,0.005689536763832665,0.002058499455642,0.0018411589071058614
475,-2.450000000000002,0.0,0.009793238342600003,0.007221492313285754,0.0030378232891199995,0.0024956943778929558
476,-2.349999999999998,0.0,0.013897889852,0.009071362982941122,0.00442761227638,0.0032875509461969005
477,-2.25,0.0,0.0187779203078,0.011013733237259396,0.0063054043058599985,0.004214458228832038
478,-2.1500000000000017,0.0,0.025168089569000004,0.013142823461735497,0.008822213261799999,0.005300506391565834
479,-2.0499999999999985,0.0,0.033174376196000006,0.014713163504922194,0.0121396508808,0.006488535018779823
480,-1.9500000000000017,0.0,0.04297928661199999,0.016368953537363704,0.0164375795436,0.007789099943009345
481,-1.8499999999999988,0.0,0.05422289371199998,0.0173936157998369,0.021859868918,0.009156078352436902
482,-1.75,0.0,0.067883685232,0.01801725749756508,0.028648237436000007,0.010524555430976487
483,-1.6500000000000006,0.0,0.08463179473400002,0.018807705349763757,0.03711141690800001,0.011943469520077889
484,-1.5499999999999985,0.0,0.10484372969400002,0.020665885674350466,0.04759578987799999,0.013472699869421656
485,-1.450000000000001,0.0,0.12790119945000003,0.021504219161111348,0.060385909826000006,0.01495790077242611
486,-1.3500000000000005,0.0,0.15495996177999996,0.02245354429688646,0.07588190600799999,0.016382382482031405
487,-1.25,0.0,0.18696292792000002,0.02267192187784646,0.09457819883199999,0.01770060719106268
488,-1.149999999999999,0.0,0.22213845857999995,0.0211006872779668,0.11679204471200004,0.01886053471605107
489,-1.0499999999999992,0.0,0.26036121694,0.01853411475969734,0.14282816632,0.019630670269650694
490,-0.9500000000000006,0.0,0.3018527314199999,0.019018078078341997,0.17301343946,0.019922384552156565
491,-0.8500000000000008,0.0,0.3433502137600001,0.0243156376415223,0.20734846085999997,0.01984640283627998
492,-0.75,0.0,0.38463993372000005,0.030030290766623734,0.24581245423999992,0.019601697664763686
493,-0.6499999999999995,0.0,0.4265933349800002,0.03579177140493671,0.28847178772000004,0.019124762748430387
494,-0.5500000000000004,0.0,0.4652537376199999,0.03728027593173171,0.33499716152000003,0.018586911656914132
495,-0.44999999999999957,0.0,0.5014605774600002,0.03771123872483107,0.38514321929999995,0.01810638584296547
496,-0.3499999999999999,0.0,0.5333719805400001,0.037847035940089716,0.43848041724000003,0.017636232784757084
497,-0.25,0.0,0.5578342303999998,0.03659010960521884,0.49426384038000004,0.01692625127104459
498,-0.15000000000000013,0.0,0.57115034464,0.039528574493727674,0.5513788748000001,0.015916429505956425
499,-0.04999999999999998,0.0,0.5708901569600001,0.04334714443832593,0.6084678905599998,0.01438876713066349
500,0.04999999999999998,0.0,0.5557072460200001,0.045336538007977906,0.6640386151200002,0.012871972022389697
501,0.15000000000000013,0.0,0.5298572704200001,0.04622445784705759,0.7170243421199999,0.011646559211805484
502,0.25,0.0,0.49388862844000003,0.04439270548029802,0.76641320502,0.01077494354711481
503,0.3499999999999999,0.0,0.44852148592000013,0.04217187963747229,0.8112653535400001,0.010350713114590357
504,0.44999999999999957,0.0,0.3964209481999999,0.03779992069623757,0.8509074484,0.00994559494927672
505,0.5500000000000004,0.0,0.34138535551999993,0.03437284015426026,0.8850459839600002,0.00935884153158307
506,0.6499999999999995,0.0,0.28638610684,0.028506976991583586,0.9136845946000003,0.008674483307330318
507,0.75,0.0,0.23531066925999997,0.02324551137213019,0.9372156616199997,0.007775757740488356
508,0.8500000000000008,0.0,0.18882035473999997,0.01978517679268381,0.9560976970400001,0.006698475994778384
509,0.9500000000000006,0.0,0.14563596102,0.016510435969619593,0.9706612931200003,0.005571838415735866
510,1.0499999999999992,0.0,0.105338954926,0.016322951636259454,0.9811951886000001,0.004283651722932393
511,1.149999999999999,0.0,0.07249742299600001,0.015147668012646038,0.9884449309800002,0.003091659452711229
512,1.25,0.0,0.047938658296,0.012072228388418513,0.9932387967400002,0.0022274386188198647
513,1.3500000000000005,0.0,0.030044698714,0.00788829623258147,0.9962432666599996,0.0016585541980892729
514,1.450000000000001,0.0,0.0178655818124,0.005724655695623156,0.99802982484,0.0011950096657921182
515,1.5499999999999985,0.0,0.009892129896999998,0.004447550574814484,0.9990190378000001,0.0008126628834128254
516,1.6500000000000006,0.0,0.005264191328620001,0.0034089783409949996,0.9995454569399997,0.0005008906221492482
517,1.75,0.0,0.0026937752968,0.00256389335432788,0.9998148344399996,0.00025232913096351263
518,1.8499999999999988,0.0,0.00118993818746,0.0015049792046356054,0.9999338282000001,0.00010622727109457754
519,1.9500000000000017,0.0,0.00042137503623908,0.0006471608234397568,0.9999759656799998,4.548470572553356e-05
520,2.0499999999999985,0.0,0.00015292763718323998,0.0002700421107437359,0.99999125856,1.975144526576215e-05
521,2.1500000000000017,0.0,5.934536456524002e-05,0.0001354139227264404,0.99999719306,7.809578729765427e-06
522,2.25,0.0,1.9706785683880003e-05,5.170973093459248e-05,0.9999991637800001,3.2150396656247206e-06
523,2.349999999999998,0.0,7.28964805996e-06,2.96005532981353e-05,0.9999998927200002,4.2472829149314117e-07
524,2.450000000000002,0.0,9.7006559436e-07,3.668637138263204e-06,0.9999999897199998,6.984870508408073e-08
525,2.549999999999998,0.0,9.387731544e-08,6.36195823288224e-07,0.9999999991,6.299999992798177e-09
526,2.650000000000002,0.0,8.94069672e-09,6.258487704000005e-08,1.0,0.0
527,2.75,0.0,0.0,0.0,1.0,0.0
528,2.849999999999998,0.0,0.0,0.0,1.0,0.0
529,2.95,0.0,0.0,0.0,1.0,0.0
530,3.0500000000000007,0.0,0.0,0.0,1.0,0.0
531,3.150000000000003,0.0,0.0,0.0,1.0,0.0
532,3.25,0.0,0.0,0.0,1.0,0.0
533,3.349999999999997,0.0,0.0,0.0,1.0,0.0
534,3.449999999999999,0.0,0.0,0.0,1.0,0.0
535,3.5500000000000016,0.0,0.0,0.0,1.0,0.0
536,3.6500000000000035,0.0,0.0,0.0,1.0,0.0
537,3.75,0.0,0.0,0.0,1.0,0.0
538,3.8499999999999965,0.0,0.0,0.0,1.0,0.0
539,3.949999999999997,0.0,0.0,0.0,1.0,0.0
540,4.0500000000000025,0.0,0.0,0.0,1.0,0.0
541,4.150000000000003,0.0,0.0,0.0,1.0,0.0
542,4.25,0.0,0.0,0.0,1.0,0.0
543,4.349999999999997,0.0,0.0,0.0,1.0,0.0
544,4.449999999999996,0.0,0.0,0.0,1.0,0.0
545,4.550000000000004,0.0,0.0,0.0,1.0,0.0
546,4.650000000000004,0.0,0.0,0.0,1.0,0.0
547,4.75,0.0,0.0,0.0,1.0,0.0
548,4.849999999999996,0.0,0.0,0.0,1.0,0.0
549,4.949999999999996,0.0,0.0,0.0,1.0,0.0
550,5.050000000000004,0.0,0.0,0.0,1.0,0.0
551,5.150000000000003,0.0,0.0,0.0,1.0,0.0
552,5.25,0.0,0.0,0.0,1.0,0.0
553,5.349999999999998,0.0,0.0,0.0,1.0,0.0
554,5.449999999999996,0.0,0.0,0.0,1.0,0.0
555,5.550000000000004,0.0,0.0,0.0,1.0,0.0
556,5.650000000000001,0.0,0.0,0.0,1.0,0.0
557,5.75,0.0,0.0,0.0,1.0,0.0
558,5.85,0.0,0.0,0.0,1.0,0.0
559,5.949999999999994,0.0,0.0,0.0,1.0,0.0
560,6.050000000000006,0.0,0.0,0.0,1.0,0.0
561,6.149999999999999,0.0,0.0,0.0,1.0,0.0
562,6.25,0.0,0.0,0.0,1.0,0.0
563,6.350000000000001,0.0,0.0,0.0,1.0,0.0
564,6.449999999999994,0.0,0.0,0.0,1.0,0.0
565,6.550000000000006,0.0,0.0,0.0,1.0,0.0
566,6.649999999999998,0.0,0.0,0.0,1.0,0.0
567,6.75,0.0,0.0,0.0,1.0,0.0
568,6.850000000000002,0.0,0.0,0.0,1.0,0.0
569,6.949999999999994,0.0,0.0,0.0,1.0,0.0
570,7.050000000000006,0.0,0.0,0.0,1.0,0.0
571,7.149999999999997,0.0,0.0,0.0,1.0,0.0
572,7.25,0.0,0.0,0.0,1.0,0.0
573,7.350000000000005,0.0,0.0,0.0,1.0,0.0
574,7.449999999999993,0.0,0.0,0.0,1.0,0.0
575,7.550000000000007,0.0,0.0,0.0,1.0,0.0
576,7.649999999999995,0.0,0.0,0.0,1.0,0.0
577,7.75,0.0,0.0,0.0,1.0,0.0
578,7.850000000000006,0.0,0.0,0.0,1.0,0.0
579,7.949999999999993,0.0,0.0,0.0,1.0,0.0
580,8.050000000000006,0.0,0.0,0.0,1.0,0.0
581,8.149999999999995,0.0,0.0,0.0,1.0,0.0
582,8.25,0.0,0.0,0.0,1.0,0.0
583,8.350000000000007,0.0,0.0,0.0,1.0,0.0
584,8.449999999999994,0.0,0.0,0.0,1.0,0.0
585,8.550000000000006,0.0,0.0,0.0,1.0,0.0
586,8.649999999999993,0.0,0.0,0.0,1.0,0.0
587,8.75,0.0,0.0,0.0,1.0,0.0
588,8.850000000000009,0.0,0.0,0.0,1.0,0.0
589,8.949999999999994,0.0,0.0,0.0,1.0,0.0
590,9.050000000000006,0.0,0.0,0.0,1.0,0.0
591,9.149999999999991,0.0,0.0,0.0,1.0,0.0
592,9.25,0.0,0.0,0.0,1.0,0.0
593,9.350000000000009,0.0,0.0,0.0,1.0,0.0
594,9.449999999999992,0.0,0.0,0.0,1.0,0.0
595,9.550000000000008,0.0,0.0,0.0,1.0,0.0
596,9.649999999999991,0.0,0.0,0.0,1.0,0.0
597,9.75,0.0,0.0,0.0,1.0,0.0
598,9.850000000000009,0.0,0.0,0.0,1.0,0.0
599,9.949999999999992,0.0,0.0,0.0,1.0,0.0
600,10.050000000000008,0.0,0.0,0.0,1.0,0.0
601,10.149999999999991,0.0,0.0,0.0,1.0,0.0
602,10.25,0.0,0.0,0.0,1.0,0.0
603,10.350000000000009,0.0,0.0,0.0,1.0,0.0
604,10.449999999999994,0.0,0.0,0.0,1.0,0.0
605,10.550000000000006,0.0,0.0,0.0,1.0,0.0
606,10.649999999999991,0.0,0.0,0.0,1.0,0.0
607,10.75,0.0,0.0,0.0,1.0,0.0
608,10.850000000000009,0.0,0.0,0.0,1.0,0.0
609,10.949999999999996,0.0,0.0,0.0,1.0,0.0
610,11.050000000000004,0.0,0.0,0.0,1.0,0.0
611,11.149999999999991,0.0,0.0,0.0,1.0,0.0
612,11.25,0.0,0.0,0.0,1.0,0.0
613,11.350000000000009,0.0,0.0,0.0,1.0,0.0
614,11.449999999999998,0.0,0.0,0.0,1.0,0.0
615,11.550000000000002,0.0,0.0,0.0,1.0,0.0
616,11.649999999999988,0.0,0.0,0.0,1.0,0.0
617,11.75,0.0,0.0,0.0,1.0,0.0
618,11.850000000000012,0.0,0.0,0.0,1.0,0.0
619,11.95,0.0,0.0,0.0,1.0,0.0
620,12.05,0.0,0.0,0.0,1.0,0.0
621,12.149999999999988,0.0,0.0,0.0,1.0,0.0
622,12.25,0.0,0.0,0.0,1.0,0.0
623,12.350000000000012,0.0,0.0,0.0,1.0,0.0
624,12.450000000000003,0.0,0.0,0.0,1.0,0.0
625,12.549999999999997,0.0,0.0,0.0,1.0,0.0
626,12.649999999999988,0.0,0.0,0.0,1.0,0.0
627,12.75,0.0,0.0,0.0,1.0,0.0
628,12.850000000000012,0.0,0.0,0.0,1.0,0.0
629,12.950000000000003,0.0,0.0,0.0,1.0,0.0
630,13.049999999999997,0.0,0.0,0.0,1.0,0.0
631,13.149999999999988,0.0,0.0,0.0,1.0,0.0
632,13.25,0.0,0.0,0.0,1.0,0.0
633,13.350000000000012,0.0,0.0,0.0,1.0,0.0
634,13.450000000000005,0.0,0.0,0.0,1.0,0.0
635,13.549999999999995,0.0,0.0,0.0,1.0,0.0
636,13.649999999999988,0.0,0.0,0.0,1.0,0.0
637,13.75,0.0,0.0,0.0,1.0,0.0
638,13.850000000000012,0.0,0.0,0.0,1.0,0.0
639,13.950000000000006,0.0,0.0,0.0,1.0,0.0
640,14.049999999999994,0.0,0.0,0.0,1.0,0.0
641,14.149999999999988,0.0,0.0,0.0,1.0,0.0
642,14.25,0.0,0.0,0.0,1.0,0.0
643,14.350000000000014,0.0,0.0,0.0,1.0,0.0
644,14.450000000000006,0.0,0.0,0.0,1.0,0.0
645,14.549999999999994,0.0,0.0,0.0,1.0,0.0
646,14.649999999999986,0.0,0.0,0.0,1.0,0.0
647,14.75,0.0,0.0,0.0,1.0,0.0
648,14.850000000000014,0.0,0.0,0.0,1.0,0.0
649,14.95000000000001,0.0,0.0,0.0,1.0,0.0
650,15.04999999999999,0.0,0.0,0.0,1.0,0.0
651,15.149999999999986,0.0,0.0,0.0,1.0,0.0
652,15.25,0.0,0.0,0.0,1.0,0.0
653,15.350000000000014,0.0,0.0,0.0,1.0,0.0
654,15.45000000000001,0.0,0.0,0.0,1.0,0.0
655,15.549999999999988,0.0,0.0,0.0,1.0,0.0
656,15.649999999999986,0.0,0.0,0.0,1.0,0.0
657,15.75,0.0,0.0,0.0,1.0,0.0
658,15.850000000000014,0.0,0.0,0.0,1.0,0.0
659,15.950000000000012,0.0,0.0,0.0,1.0,0.0
660,16.04999999999999,0.0,0.0,0.0,1.0,0.0
661,16.149999999999988,0.0,0.0,0.0,1.0,0.0
662,16.25,0.0,0.0,0.0,1.0,0.0
663,16.350000000000012,0.0,0.0,0.0,1.0,0.0
664,16.45000000000001,0.0,0.0,0.0,1.0,0.0
665,16.549999999999986,0.0,0.0,0.0,1.0,0.0
666,16.649999999999988,0.0,0.0,0.0,1.0,0.0
667,16.75,0.0,0.0,0.0,1.0,0.0
668,16.850000000000012,0.0,0.0,0.0,1.0,0.0
669,16.950000000000014,0.0,0.0,0.0,1.0,0.0
670,17.049999999999986,0.0,0.0,0.0,1.0,0.0
671,17.149999999999988,0.0,0.0,0.0,1.0,0.0
672,17.25,0.0,0.0,0.0,1.0,0.0
673,17.350000000000012,0.0,0.0,0.0,1.0,0.0
674,17.450000000000014,0.0,0.0,0.0,1.0,0.0
675,17.549999999999986,0.0,0.0,0.0,1.0,0.0
676,17.649999999999988,0.0,0.0,0.0,1.0,0.0
677,17.75,0.0,0.0,0.0,1.0,0.0
678,17.850000000000012,0.0,0.0,0.0,1.0,0.0
679,17.950000000000017,0.0,0.0,0.0,1.0,0.0
680,18.049999999999983,0.0,0.0,0.0,1.0,0.0
681,18.149999999999988,0.0,0.0,0.0,1.0,0.0
682,18.25,0.0,0.0,0.0,1.0,0.0
683,18.350000000000016,0.0,0.0,0.0,1.0,0.0
684,18.450000000000017,0.0,0.0,0.0,1.0,0.0
685,18.549999999999983,0.0,0.0,0.0,1.0,0.0
686,18.649999999999984,0.0,0.0,0.0,1.0,0.0
687,18.75,0.0,0.0,0.0,1.0,0.0
688,18.850000000000016,0.0,0.0,0.0,1.0,0.0
689,18.950000000000017,0.0,0.0,0.0,1.0,0.0
690,19.049999999999983,0.0,0.0,0.0,1.0,0.0
691,19.149999999999984,0.0,0.0,0.0,1.0,0.0
692,19.25,0.0,0.0,0.0,1.0,0.0
693,19.350000000000016,0.0,0.0,0.0,1.0,0.0
694,19.450000000000017,0.0,0.0,0.0,1.0,0.0
695,19.549999999999983,0.0,0.0,0.0,1.0,0.0
696,19.649999999999984,0.0,0.0,0.0,1.0,0.0
697,19.75,0.0,0.0,0.0,1.0,0.0
698,19.850000000000016,0.0,0.0,0.0,1.0,0.0
699,19.950000000000017,0.0,0.0,0.0,1.0,0.0
700,20.049999999999983,0.0,0.0,0.0,1.0,0.0
701,20.149999999999984,0.0,0.0,0.0,1.0,0.0
702,20.25,0.0,0.0,0.0,1.0,0.0
703,20.350000000000016,0.0,0.0,0.0,1.0,0.0
704,20.450000000000017,0.0,0.0,0.0,1.0,0.0
705,20.549999999999983,0.0,0.0,0.0,1.0,0.0
706,20.649999999999988,0.0,0.0,0.0,1.0,0.0
707,20.75,0.0,0.0,0.0,1.0,0.0
708,20.850000000000012,0.0,0.0,0.0,1.0,0.0
709,20.950000000000017,0.0,0.0,0.0,1.0,0.0
710,21.049999999999983,0.0,0.0,0.0,1.0,0.0
711,21.149999999999988,0.0,0.0,0.0,1.0,0.0
712,21.25,0.0,0.0,0.0,1.0,0.0
713,21.35000000000001,0.0,0.0,0.0,1.0,0.0
714,21.450000000000017,0.0,0.0,0.0,1.0,0.0
715,21.549999999999983,0.0,0.0,0.0,1.0,0.0
716,21.64999999999999,0.0,0.0,0.0,1.0,0.0
717,21.75,0.0,0.0,0.0,1.0,0.0
718,21.85000000000001,0.0,0.0,0.0,1.0,0.0
719,21.950000000000017,0.0,0.0,0.0,1.0,0.0
720,22.049999999999983,0.0,0.0,0.0,1.0,0.0
721,22.14999999999999,0.0,0.0,0.0,1.0,0.0
722,22.25,0.0,0.0,0.0,1.0,0.0
723,22.350000000000005,0.0,0.0,0.0,1.0,0.0
724,22.450000000000017,0.0,0.0,0.0,1.0,0.0
725,22.549999999999983,0.0,0.0,0.0,1.0,0.0
726,22.649999999999995,0.0,0.0,0.0,1.0,0.0
727,22.75,0.0,0.0,0.0,1.0,0.0
728,22.850000000000005,0.0,0.0,0.0,1.0,0.0
729,22.950000000000017,0.0,0.0,0.0,1.0,0.0
730,23.049999999999983,0.0,0.0,0.0,1.0,0.0
731,23.149999999999995,0.0,0.0,0.0,1.0,0.0
732,23.25,0.0,0.0,0.0,1.0,0.0
733,23.35,0.0,0.0,0.0,1.0,0.0
734,23.450000000000024,0.0,0.0,0.0,1.0,0.0
735,23.549999999999976,0.0,0.0,0.0,1.0,0.0
736,23.65,0.0,0.0,0.0,1.0,0.0
737,23.75,0.0,0.0,0.0,1.0,0.0
738,23.85,0.0,0.0,0.0,1.0,0.0
739,23.950000000000024,0.0,0.0,0.0,1.0,0.0
740,24.049999999999976,0.0,0.0,0.0,1.0,0.0
741,24.15,0.0,0.0,0.0,1.0,0.0
742,24.25,0.0,0.0,0.0,1.0,0.0
743,24.35,0.0,0.0,0.0,1.0,0.0
744,24.450000000000024,0.0,0.0,0.0,1.0,0.0
745,24.549999999999976,0.0,0.0,0.0,1.0,0.0
746,24.650000000000006,0.0,0.0,0.0,1.0,0.0
747,24.75,0.0,0.0,0.0,1.0,0.0
748,24.849999999999994,0.0,0.0,0.0,1.0,0.0
749,24.950000000000024,0.0,0.0,0.0,1.0,0.0
750,25.049999999999976,0.0,0.0,0.0,1.0,0.0
751,25.150000000000006,0.0,0.0,0.0,1.0,0.0
752,25.25,0.0,0.0,0.0,1.0,0.0
753,25.349999999999994,0.0,0.0,0.0,1.0,0.0
754,25.450000000000024,0.0,0.0,0.0,1.0,0.0
755,25.549999999999976,0.0,0.0,0.0,1.0,0.0
756,25.650000000000006,0.0,0.0,0.0,1.0,0.0
757,25.75,0.0,0.0,0.0,1.0,0.0
758,25.849999999999994,0.0,0.0,0.0,1.0,0.0
759,25.950000000000024,0.0,0.0,0.0,1.0,0.0
760,26.049999999999976,0.0,0.0,0.0,1.0,0.0
761,26.150000000000006,0.0,0.0,0.0,1.0,0.0
762,26.25,0.0,0.0,0.0,1.0,0.0
763,26.34999999999999,0.0,0.0,0.0,1.0,0.0
764,26.450000000000024,0.0,0.0,0.0,1.0,0.0
765,26.549999999999976,0.0,0.0,0.0,1.0,0.0
766,26.65000000000001,0.0,0.0,0.0,1.0,0.0
767,26.75,0.0,0.0,0.0,1.0,0.0
768,26.84999999999999,0.0,0.0,0.0,1.0,0.0
769,26.950000000000024,0.0,0.0,0.0,1.0,0.0
770,27.049999999999976,0.0,0.0,0.0,1.0,0.0
771,27.15000000000001,0.0,0.0,0.0,1.0,0.0
772,27.25,0.0,0.0,0.0,1.0,0.0
773,27.34999999999999,0.0,0.0,0.0,1.0,0.0
774,27.450000000000024,0.0,0.0,0.0,1.0,0.0
775,27.549999999999976,0.0,0.0,0.0,1.0,0.0
776,27.65000000000001,0.0,0.0,0.0,1.0,0.0
777,27.75,0.0,0.0,0.0,1.0,0.0
778,27.849999999999987,0.0,0.0,0.0,1.0,0.0
779,27.950000000000024,0.0,0.0,0.0,1.0,0.0
780,28.049999999999976,0.0,0.0,0.0,1.0,0.0
781,28.150000000000013,0.0,0.0,0.0,1.0,0.0
782,28.25,0.0,0.0,0.0,1.0,0.0
783,28.349999999999987,0.0,0.0,0.0,1.0,0.0
784,28.450000000000028,0.0,0.0,0.0,1.0,0.0
785,28.549999999999972,0.0,0.0,0.0,1.0,0.0
786,28.650000000000013,0.0,0.0,0.0,1.0,0.0
787,28.75,0.0,0.0,0.0,1.0,0.0
788,28.849999999999987,0.0,0.0,0.0,1.0,0.0
789,28.950000000000028,0.0,0.0,0.0,1.0,0.0
790,29.049999999999972,0.0,0.0,0.0,1.0,0.0
791,29.150000000000013,0.0,0.0,0.0,1.0,0.0
792,29.25,0.0,0.0,0.0,1.0,0.0
793,29.34999999999998,0.0,0.0,0.0,1.0,0.0
794,29.450000000000028,0.0,0.0,0.0,1.0,0.0
795,29.549999999999972,0.0,0.0,0.0,1.0,0.0
796,29.65000000000002,0.0,0.0,0.0,1.0,0.0
797,29.75,0.0,0.0,0.0,1.0,0.0
798,29.84999999999998,0.0,0.0,0.0,1.0,0.0
799,29.950000000000028,0.0,0.0,0.0,1.0,0.0
800,30.049999999999972,0.0,0.0,0.0,1.0,0.0
801,30.15000000000002,0.0,0.0,0.0,1.0,0.0
802,30.25,0.0,0.0,0.0,1.0,0.0
803,30.34999999999998,0.0,0.0,0.0,1.0,0.0
804,30.450000000000028,0.0,0.0,0.0,1.0,0.0
805,30.549999999999972,0.0,0.0,0.0,1.0,0.0
806,30.65000000000002,0.0,0.0,0.0,1.0,0.0
807,30.75,0.0,0.0,0.0,1.0,0.0
808,30.84999999999998,0.0,0.0,0.0,1.0,0.0
809,30.950000000000028,0.0,0.0,0.0,1.0,0.0
810,31.049999999999972,0.0,0.0,0.0,1.0,0.0
811,31.150000000000023,0.0,0.0,0.0,1.0,0.0
812,31.25,0.0,0.0,0.0,1.0,0.0
813,31.349999999999977,0.0,0.0,0.0,1.0,0.0
814,31.450000000000028,0.0,0.0,0.0,1.0,0.0
815,31.549999999999972,0.0,0.0,0.0,1.0,0.0
816,31.650000000000023,0.0,0.0,0.0,1.0,0.0
817,31.75,0.0,0.0,0.0,1.0,0.0
818,31.849999999999977,0.0,0.0,0.0,1.0,0.0
819,31.950000000000028,0.0,0.0,0.0,1.0,0.0
820,32.049999999999976,0.0,0.0,0.0,1.0,0.0
821,32.15000000000002,0.0,0.0,0.0,1.0,0.0
822,32.25,0.0,0.0,0.0,1.0,0.0
823,32.34999999999998,0.0,0.0,0.0,1.0,0.0
824,32.450000000000024,0.0,0.0,0.0,1.0,0.0
825,32.549999999999976,0.0,0.0,0.0,1.0,0.0
826,32.65000000000002,0.0,0.0,0.0,1.0,0.0
827,32.75,0.0,0.0,0.0,1.0,0.0
828,32.84999999999998,0.0,0.0,0.0,1.0,0.0
829,32.950000000000024,0.0,0.0,0.0,1.0,0.0
830,33.049999999999976,0.0,0.0,0.0,1.0,0.0
831,33.15000000000003,0.0,0.0,0.0,1.0,0.0
832,33.25,0.0,0.0,0.0,1.0,0.0
833,33.34999999999997,0.0,0.0,0.0,1.0,0.0
834,33.450000000000024,0.0,0.0,0.0,1.0,0.0
835,33.549999999999976,0.0,0.0,0.0,1.0,0.0
836,33.65000000000003,0.0,0.0,0.0,1.0,0.0
837,33.75,0.0,0.0,0.0,1.0,0.0
838,33.84999999999997,0.0,0.0,0.0,1.0,0.0
839,33.950000000000024,0.0,0.0,0.0,1.0,0.0
840,34.049999999999976,0.0,0.0,0.0,1.0,0.0
841,34.15000000000003,0.0,0.0,0.0,1.0,0.0
842,34.25,0.0,0.0,0.0,1.0,0.0
843,34.34999999999997,0.0,0.0,0.0,1.0,0.0
844,34.450000000000024,0.0,0.0,0.0,1.0,0.0
845,34.549999999999976,0.0,0.0,0.0,1.0,0.0
846,34.65000000000003,0.0,0.0,0.0,1.0,0.0
847,34.75,0.0,0.0,0.0,1.0,0.0
848,34.84999999999997,0.0,0.0,0.0,1.0,0.0
849,34.950000000000024,0.0,0.0,0.0,1.0,0.0
850,35.049999999999976,0.0,0.0,0.0,1.0,0.0
851,35.15000000000003,0.0,0.0,0.0,1.0,0.0
852,35.25,0.0,0.0,0.0,1.0,0.0
853,35.349999999999966,0.0,0.0,0.0,1.0,0.0
854,35.450000000000024,0.0,0.0,0.0,1.0,0.0
855,35.549999999999976,0.0,0.0,0.0,1.0,0.0
856,35.650000000000034,0.0,0.0,0.0,1.0,0.0
857,35.75,0.0,0.0,0.0,1.0,0.0
858,35.849999999999966,0.0,0.0,0.0,1.0,0.0
859,35.950000000000024,0.0,0.0,0.0,1.0,0.0
860,36.049999999999976,0.0,0.0,0.0,1.0,0.0
861,36.150000000000034,0.0,0.0,0.0,1.0,0.0
862,36.25,0.0,0.0,0.0,1.0,0.0
863,36.349999999999966,0.0,0.0,0.0,1.0,0.0
864,36.450000000000024,0.0,0.0,0.0,1.0,0.0
865,36.549999999999976,0.0,0.0,0.0,1.0,0.0
866,36.650000000000034,0.0,0.0,0.0,1.0,0.0
867,36.75,0.0,0.0,0.0,1.0,0.0
868,36.849999999999966,0.0,0.0,0.0,1.0,0.0
869,36.95000000000003,0.0,0.0,0.0,1.0,0.0
870,37.04999999999997,0.0,0.0,0.0,1.0,0.0
871,37.150000000000034,0.0,0.0,0.0,1.0,0.0
872,37.25,0.0,0.0,0.0,1.0,0.0
873,37.349999999999966,0.0,0.0,0.0,1.0,0.0
874,37.45000000000003,0.0,0.0,0.0,1.0,0.0
875,37.54999999999997,0.0,0.0,0.0,1.0,0.0
876,37.650000000000034,0.0,0.0,0.0,1.0,0.0
877,37.75,0.0,0.0,0.0,1.0,0.0
878,37.849999999999966,0.0,0.0,0.0,1.0,0.0
879,37.95000000000003,0.0,0.0,0.0,1.0,0.0
880,38.04999999999997,0.0,0.0,0.0,1.0,0.0
881,38.150000000000034,0.0,0.0,0.0,1.0,0.0
882,38.25,0.0,0.0,0.0,1.0,0.0
883,38.349999999999966,0.0,0.0,0.0,1.0,0.0
884,38.45000000000003,0.0,0.0,0.0,1.0,0.0
885,38.54999999999997,0.0,0.0,0.0,1.0,0.0
886,38.650000000000034,0.0,0.0,0.0,1.0,0.0
887,38.75,0.0,0.0,0.0,1.0,0.0
888,38.849999999999966,0.0,0.0,0.0,1.0,0.0
889,38.95000000000003,0.0,0.0,0.0,1.0,0.0
890,39.04999999999997,0.0,0.0,0.0,1.0,0.0
891,39.150000000000034,0.0,0.0,0.0,1.0,0.0
892,39.25,0.0,0.0,0.0,1.0,0.0
893,39.349999999999966,0.0,0.0,0.0,1.0,0.0
894,39.45000000000003,0.0,0.0,0.0,1.0,0.0
895,39.54999999999997,0.0,0.0,0.0,1.0,0.0
896,39.650000000000034,0.0,0.0,0.0,1.0,0.0
897,39.75,0.0,0.0,0.0,1.0,0.0
898,39.849999999999966,0.0,0.0,0.0,1.0,0.0
899,39.95000000000003,0.0,0.0,0.0,1.0,0.0
900,40.04999999999997,0.0,0.0,0.0,1.0,0.0
901,40.150000000000034,0.0,0.0,0.0,1.0,0.0
902,40.25,0.0,0.0,0.0,1.0,0.0
903,40.349999999999966,0.0,0.0,0.0,1.0,0.0
904,40.45000000000003,0.0,0.0,0.0,1.0,0.0
905,40.54999999999997,0.0,0.0,0.0,1.0,0.0
906,40.650000000000034,0.0,0.0,0.0,1.0,0.0
907,40.75,0.0,0.0,0.0,1.0,0.0
908,40.849999999999966,0.0,0.0,0.0,1.0,0.0
909,40.95000000000003,0.0,0.0,0.0,1.0,0.0
910,41.049999999999976,0.0,0.0,0.0,1.0,0.0
911,41.150000000000034,0.0,0.0,0.0,1.0,0.0
912,41.25,0.0,0.0,0.0,1.0,0.0
913,41.349999999999966,0.0,0.0,0.0,1.0,0.0
914,41.450000000000024,0.0,0.0,0.0,1.0,0.0
915,41.549999999999976,0.0,0.0,0.0,1.0,0.0
916,41.650000000000034,0.0,0.0,0.0,1.0,0.0
917,41.75,0.0,0.0,0.0,1.0,0.0
918,41.849999999999966,0.0,0.0,0.0,1.0,0.0
919,41.950000000000024,0.0,0.0,0.0,1.0,0.0
920,42.049999999999976,0.0,0.0,0.0,1.0,0.0
921,42.150000000000034,0.0,0.0,0.0,1.0,0.0
922,42.25,0.0,0.0,0.0,1.0,0.0
923,42.349999999999966,0.0,0.0,0.0,1.0,0.0
924,42.450000000000024,0.0,0.0,0.0,1.0,0.0
925,42.549999999999976,0.0,0.0,0.0,1.0,0.0
926,42.650000000000034,0.0,0.0,0.0,1.0,0.0
927,42.75,0.0,0.0,0.0,1.0,0.0
928,42.849999999999966,0.0,0.0,0.0,1.0,0.0
929,42.95000000000002,0.0,0.0,0.0,1.0,0.0
930,43.04999999999998,0.0,0.0,0.0,1.0,0.0
931,43.150000000000034,0.0,0.0,0.0,1.0,0.0
932,43.25,0.0,0.0,0.0,1.0,0.0
933,43.349999999999966,0.0,0.0,0.0,1.0,0.0
934,43.45000000000002,0.0,0.0,0.0,1.0,0.0
935,43.54999999999998,0.0,0.0,0.0,1.0,0.0
936,43.650000000000034,0.0,0.0,0.0,1.0,0.0
937,43.75,0.0,0.0,0.0,1.0,0.0
938,43.849999999999966,0.0,0.0,0.0,1.0,0.0
939,43.95000000000002,0.0,0.0,0.0,1.0,0.0
940,44.04999999999998,0.0,0.0,0.0,1.0,0.0
941,44.150000000000034,0.0,0.0,0.0,1.0,0.0
942,44.25,0.0,0.0,0.0,1.0,0.0
943,44.349999999999966,0.0,0.0,0.0,1.0,0.0
944,44.45000000000002,0.0,0.0,0.0,1.0,0.0
945,44.54999999999999,0.0,0.0,0.0,1.0,0.0
946,44.650000000000034,0.0,0.0,0.0,1.0,0.0
947,44.75,0.0,0.0,0.0,1.0,0.0
948,44.849999999999966,0.0,0.0,0.0,1.0,0.0
949,44.95000000000001,0.0,0.0,0.0,1.0,0.0
950,45.04999999999999,0.0,0.0,0.0,1.0,0.0
951,45.150000000000034,0.0,0.0,0.0,1.0,0.0
952,45.25,0.0,0.0,0.0,1.0,0.0
953,45.349999999999966,0.0,0.0,0.0,1.0,0.0
954,45.45000000000001,0.0,0.0,0.0,1.0,0.0
955,45.54999999999999,0.0,0.0,0.0,1.0,0.0
956,45.650000000000034,0.0,0.0,0.0,1.0,0.0
957,45.75,0.0,0.0,0.0,1.0,0.0
958,45.849999999999966,0.0,0.0,0.0,1.0,0.0
959,45.95000000000001,0.0,0.0,0.0,1.0,0.0
960,46.04999999999999,0.0,0.0,0.0,1.0,0.0
961,46.150000000000034,0.0,0.0,0.0,1.0,0.0
962,46.25,0.0,0.0,0.0,1.0,0.0
963,46.349999999999966,0.0,0.0,0.0,1.0,0.0
964,46.45000000000001,0.0,0.0,0.0,1.0,0.0
965,46.55,0.0,0.0,0.0,1.0,0.0
966,46.65000000000005,0.0,0.0,0.0,1.0,0.0
967,46.75,0.0,0.0,0.0,1.0,0.0
968,46.84999999999995,0.0,0.0,0.0,1.0,0.0
969,46.95,0.0,0.0,0.0,1.0,0.0
970,47.05,0.0,0.0,0.0,1.0,0.0
971,47.15000000000005,0.0,0.0,0.0,1.0,0.0
972,47.25,0.0,0.0,0.0,1.0,0.0
973,47.34999999999995,0.0,0.0,0.0,1.0,0.0
974,47.45,0.0,0.0,0.0,1.0,0.0
975,47.55,0.0,0.0,0.0,1.0,0.0
976,47.65000000000005,0.0,0.0,0.0,1.0,0.0
977,47.75,0.0,0.0,0.0,1.0,0.0
978,47.84999999999995,0.0,0.0,0.0,1.0,0.0
979,47.95,0.0,0.0,0.0,1.0,0.0
980,48.05,0.0,0.0,0.0,1.0,0.0
981,48.15000000000005,0.0,0.0,0.0,1.0,0.0
982,48.25,0.0,0.0,0.0,1.0,0.0
983,48.34999999999995,0.0,0.0,0.0,1.0,0.0
984,48.45,0.0,0.0,0.0,1.0,0.0
985,48.55,0.0,0.0,0.0,1.0,0.0
986,48.65000000000005,0.0,0.0,0.0,1.0,0.0
987,48.75,0.0,0.0,0.0,1.0,0.0
988,48.84999999999995,0.0,0.0,0.0,1.0,0.0
989,48.94999999999999,0.0,0.0,0.0,1.0,0.0
990,49.05000000000001,0.0,0.0,0.0,1.0,0.0
991,49.15000000000005,0.0,0.0,0.0,1.0,0.0
992,49.25,0.0,0.0,0.0,1.0,0.0
993,49.34999999999995,0.0,0.0,0.0,1.0,0.0
994,49.44999999999999,0.0,0.0,0.0,1.0,0.0
995,49.55000000000001,0.0,0.0,0.0,1.0,0.0
996,49.65000000000005,0.0,0.0,0.0,1.0,0.0
997,49.75,0.0,0.0,0.0,1.0,0.0
998,49.84999999999995,0.0,0.0,0.0,1.0,0.0
999,49.94999999999999,0.0,0.0,0.0,1.0,0.0
